id|creationDate|locationIP|browserUsed|content|length
40|1680739200000|10.2.40.60|Firefox|smoke fixture comment content 40|15
41|1679443200000|10.2.41.226|Firefox|smoke fixture comment content 41|15
42|1682380800000|10.2.42.132|Firefox|smoke fixture comment content 42|15
43|1686355200000|10.2.43.77|Firefox|smoke fixture comment content 43|15
44|1682208000000|10.2.44.175|Firefox|smoke fixture comment content 44|15
45|1681862400000|10.2.45.88|Firefox|smoke fixture comment content 45|15
46|1682380800000|10.2.46.212|Firefox|smoke fixture comment content 46|15
47|1679443200000|10.2.47.239|Firefox|smoke fixture comment content 47|15
48|1686700800000|10.2.48.141|Firefox|smoke fixture comment content 48|15
49|1679270400000|10.2.49.141|Firefox|smoke fixture comment content 49|15
50|1678924800000|10.2.50.227|Firefox|smoke fixture comment content 50|15
51|1680220800000|10.2.51.94|Firefox|smoke fixture comment content 51|15
52|1685664000000|10.2.52.137|Firefox|smoke fixture comment content 52|15
53|1681603200000|10.2.53.23|Firefox|smoke fixture comment content 53|15
54|1685664000000|10.2.54.97|Firefox|smoke fixture comment content 54|15
55|1686700800000|10.2.55.183|Firefox|smoke fixture comment content 55|15
56|1680220800000|10.2.56.75|Firefox|smoke fixture comment content 56|15
57|1679443200000|10.2.57.104|Firefox|smoke fixture comment content 57|15
58|1686528000000|10.2.58.189|Firefox|smoke fixture comment content 58|15
59|1686096000000|10.2.59.89|Firefox|smoke fixture comment content 59|15
60|1685750400000|10.2.60.224|Firefox|smoke fixture comment content 60|15
61|1684540800000|10.2.61.203|Firefox|smoke fixture comment content 61|15
62|1685491200000|10.2.62.179|Firefox|smoke fixture comment content 62|15
63|1686009600000|10.2.63.229|Firefox|smoke fixture comment content 63|15
64|1685404800000|10.2.64.227|Firefox|smoke fixture comment content 64|15
65|1679097600000|10.2.65.180|Firefox|smoke fixture comment content 65|15
66|1682899200000|10.2.66.154|Firefox|smoke fixture comment content 66|15
67|1683936000000|10.2.67.151|Firefox|smoke fixture comment content 67|15
68|1684281600000|10.2.68.51|Firefox|smoke fixture comment content 68|15
69|1685491200000|10.2.69.26|Firefox|smoke fixture comment content 69|15
70|1681171200000|10.2.70.110|Firefox|smoke fixture comment content 70|15
71|1685145600000|10.2.71.109|Firefox|smoke fixture comment content 71|15
72|1683072000000|10.2.72.243|Firefox|smoke fixture comment content 72|15
73|1678406400000|10.2.73.141|Firefox|smoke fixture comment content 73|15
74|1681689600000|10.2.74.105|Firefox|smoke fixture comment content 74|15
75|1679702400000|10.2.75.135|Firefox|smoke fixture comment content 75|15
76|1685318400000|10.2.76.241|Firefox|smoke fixture comment content 76|15
77|1685059200000|10.2.77.254|Firefox|smoke fixture comment content 77|15
78|1686700800000|10.2.78.79|Firefox|smoke fixture comment content 78|15
79|1684108800000|10.2.79.40|Firefox|smoke fixture comment content 79|15
80|1680307200000|10.2.80.139|Firefox|smoke fixture comment content 80|15
81|1686614400000|10.2.81.11|Firefox|smoke fixture comment content 81|15
82|1685491200000|10.2.82.62|Firefox|smoke fixture comment content 82|15
83|1681862400000|10.2.83.164|Firefox|smoke fixture comment content 83|15
84|1681776000000|10.2.84.199|Firefox|smoke fixture comment content 84|15
85|1678406400000|10.2.85.123|Firefox|smoke fixture comment content 85|15
86|1678320000000|10.2.86.200|Firefox|smoke fixture comment content 86|15
87|1683504000000|10.2.87.203|Firefox|smoke fixture comment content 87|15
88|1680134400000|10.2.88.174|Firefox|smoke fixture comment content 88|15
89|1680134400000|10.2.89.111|Firefox|smoke fixture comment content 89|15
90|1679616000000|10.2.90.56|Firefox|smoke fixture comment content 90|15
91|1679788800000|10.2.91.170|Firefox|smoke fixture comment content 91|15
92|1682899200000|10.2.92.74|Firefox|smoke fixture comment content 92|15
93|1681948800000|10.2.93.53|Firefox|smoke fixture comment content 93|15
94|1686614400000|10.2.94.250|Firefox|smoke fixture comment content 94|15
95|1682035200000|10.2.95.65|Firefox|smoke fixture comment content 95|15
96|1681862400000|10.2.96.151|Firefox|smoke fixture comment content 96|15
97|1678838400000|10.2.97.59|Firefox|smoke fixture comment content 97|15
98|1679356800000|10.2.98.57|Firefox|smoke fixture comment content 98|15
99|1682985600000|10.2.99.144|Firefox|smoke fixture comment content 99|15
100|1686182400000|10.2.100.198|Firefox|smoke fixture comment content 100|15
101|1679788800000|10.2.101.67|Firefox|smoke fixture comment content 101|15
102|1684108800000|10.2.102.204|Firefox|smoke fixture comment content 102|15
103|1680825600000|10.2.103.186|Firefox|smoke fixture comment content 103|15
104|1681948800000|10.2.104.114|Firefox|smoke fixture comment content 104|15
105|1679011200000|10.2.105.145|Firefox|smoke fixture comment content 105|15
106|1681344000000|10.2.106.237|Firefox|smoke fixture comment content 106|15
107|1686787200000|10.2.107.201|Firefox|smoke fixture comment content 107|15
108|1682640000000|10.2.108.170|Firefox|smoke fixture comment content 108|15
109|1680134400000|10.2.109.131|Firefox|smoke fixture comment content 109|15
110|1679875200000|10.2.110.159|Firefox|smoke fixture comment content 110|15
111|1682726400000|10.2.111.27|Firefox|smoke fixture comment content 111|15
112|1678924800000|10.2.112.245|Firefox|smoke fixture comment content 112|15
113|1680912000000|10.2.113.119|Firefox|smoke fixture comment content 113|15
114|1685145600000|10.2.114.242|Firefox|smoke fixture comment content 114|15
115|1683244800000|10.2.115.165|Firefox|smoke fixture comment content 115|15
116|1686268800000|10.2.116.50|Firefox|smoke fixture comment content 116|15
117|1681689600000|10.2.117.204|Firefox|smoke fixture comment content 117|15
118|1684368000000|10.2.118.52|Firefox|smoke fixture comment content 118|15
119|1684972800000|10.2.119.174|Firefox|smoke fixture comment content 119|15
