id|imageFile|creationDate|locationIP|browserUsed|language|content|length
0||1703808000000|10.1.0.162|Chrome|en|smoke fixture post content 0|20
1||1694131200000|10.1.1.199|Chrome|en|smoke fixture post content 1|20
2||1688428800000|10.1.2.165|Chrome|en|smoke fixture post content 2|20
3||1704067200000|10.1.3.40|Chrome|en|smoke fixture post content 3|20
4||1694217600000|10.1.4.14|Chrome|en|smoke fixture post content 4|20
5||1689206400000|10.1.5.223|Chrome|en|smoke fixture post content 5|20
6||1688428800000|10.1.6.100|Chrome|en|smoke fixture post content 6|20
7||1698278400000|10.1.7.47|Chrome|en|smoke fixture post content 7|20
8||1703376000000|10.1.8.179|Chrome|en|smoke fixture post content 8|20
9||1701820800000|10.1.9.194|Chrome|en|smoke fixture post content 9|20
10||1698969600000|10.1.10.170|Chrome|en|smoke fixture post content 10|20
11||1691107200000|10.1.11.89|Chrome|en|smoke fixture post content 11|20
12||1693094400000|10.1.12.134|Chrome|en|smoke fixture post content 12|20
13||1702339200000|10.1.13.153|Chrome|en|smoke fixture post content 13|20
14||1690588800000|10.1.14.42|Chrome|en|smoke fixture post content 14|20
15||1691884800000|10.1.15.200|Chrome|en|smoke fixture post content 15|20
16||1690156800000|10.1.16.169|Chrome|en|smoke fixture post content 16|20
17||1695168000000|10.1.17.112|Chrome|en|smoke fixture post content 17|20
18||1697068800000|10.1.18.164|Chrome|en|smoke fixture post content 18|20
19||1692489600000|10.1.19.245|Chrome|en|smoke fixture post content 19|20
20||1691280000000|10.1.20.82|Chrome|en|smoke fixture post content 20|20
21||1691884800000|10.1.21.211|Chrome|en|smoke fixture post content 21|20
22||1702944000000|10.1.22.220|Chrome|en|smoke fixture post content 22|20
23||1688601600000|10.1.23.24|Chrome|en|smoke fixture post content 23|20
24||1703116800000|10.1.24.205|Chrome|en|smoke fixture post content 24|20
25||1699056000000|10.1.25.233|Chrome|en|smoke fixture post content 25|20
26||1696636800000|10.1.26.101|Chrome|en|smoke fixture post content 26|20
27||1691798400000|10.1.27.166|Chrome|en|smoke fixture post content 27|20
28||1700784000000|10.1.28.41|Chrome|en|smoke fixture post content 28|20
29||1701302400000|10.1.29.196|Chrome|en|smoke fixture post content 29|20
30||1704067200000|10.1.30.183|Chrome|en|smoke fixture post content 30|20
31||1697587200000|10.1.31.170|Chrome|en|smoke fixture post content 31|20
32||1687737600000|10.1.32.70|Chrome|en|smoke fixture post content 32|20
33||1701820800000|10.1.33.47|Chrome|en|smoke fixture post content 33|20
34||1699833600000|10.1.34.38|Chrome|en|smoke fixture post content 34|20
35||1694044800000|10.1.35.48|Chrome|en|smoke fixture post content 35|20
36||1703548800000|10.1.36.95|Chrome|en|smoke fixture post content 36|20
37||1702252800000|10.1.37.142|Chrome|en|smoke fixture post content 37|20
38||1694476800000|10.1.38.84|Chrome|en|smoke fixture post content 38|20
39||1694736000000|10.1.39.222|Chrome|en|smoke fixture post content 39|20
